CREATE DATABASE  IF NOT EXISTS `testdb` /*!40100 DEFAULT CHARACTER SET utf8 */ /*!80016 DEFAULT ENCRYPTION='N' */;
USE `testdb`;
-- MySQL dump 10.13  Distrib 8.0.26, for Win64 (x86_64)
--
-- Host: 127.0.0.1    Database: testdb
-- ------------------------------------------------------
-- Server version	8.0.26

/*!40101 SET @OLD_CHARACTER_SET_CLIENT=@@CHARACTER_SET_CLIENT */;
/*!40101 SET @OLD_CHARACTER_SET_RESULTS=@@CHARACTER_SET_RESULTS */;
/*!40101 SET @OLD_COLLATION_CONNECTION=@@COLLATION_CONNECTION */;
/*!50503 SET NAMES utf8 */;
/*!40103 SET @OLD_TIME_ZONE=@@TIME_ZONE */;
/*!40103 SET TIME_ZONE='+00:00' */;
/*!40014 SET @OLD_UNIQUE_CHECKS=@@UNIQUE_CHECKS, UNIQUE_CHECKS=0 */;
/*!40014 SET @OLD_FOREIGN_KEY_CHECKS=@@FOREIGN_KEY_CHECKS, FOREIGN_KEY_CHECKS=0 */;
/*!40101 SET @OLD_SQL_MODE=@@SQL_MODE, SQL_MODE='NO_AUTO_VALUE_ON_ZERO' */;
/*!40111 SET @OLD_SQL_NOTES=@@SQL_NOTES, SQL_NOTES=0 */;

--
-- Table structure for table `account`
--

DROP TABLE IF EXISTS `account`;
/*!40101 SET @saved_cs_client     = @@character_set_client */;
/*!50503 SET character_set_client = utf8mb4 */;
CREATE TABLE `account` (
  `id` int NOT NULL AUTO_INCREMENT,
  `individualId` int NOT NULL,
  `name` varchar(45) NOT NULL,
  `individualName` varchar(45) DEFAULT NULL,
  `clientTypeName` varchar(45) DEFAULT NULL,
  PRIMARY KEY (`id`),
  UNIQUE KEY `id_UNIQUE` (`id`),
  KEY `individualId_idx` (`individualId`),
  CONSTRAINT `individualId` FOREIGN KEY (`individualId`) REFERENCES `individual` (`id`)
) ENGINE=InnoDB AUTO_INCREMENT=1025 DEFAULT CHARSET=utf8mb3;
/*!40101 SET character_set_client = @saved_cs_client */;

--
-- Dumping data for table `account`
--

LOCK TABLES `account` WRITE;
/*!40000 ALTER TABLE `account` DISABLE KEYS */;
INSERT INTO `account` VALUES (1,1,'AccountName1',NULL,NULL),(2,1,'AccountName2',NULL,NULL),(3,2,'AccountName3',NULL,NULL),(4,2,'AccountName4',NULL,NULL),(5,3,'AccountName5',NULL,NULL),(6,3,'AccountName6',NULL,NULL),(7,4,'AccountName7',NULL,NULL),(8,4,'AccountName8',NULL,NULL),(9,5,'AccountName9',NULL,NULL),(10,5,'AccountName10',NULL,NULL),(11,6,'AccountName11',NULL,NULL),(12,6,'AccountName12',NULL,NULL),(13,7,'AccountName13',NULL,NULL),(14,7,'AccountName14',NULL,NULL),(15,8,'AccountName15',NULL,NULL),(16,8,'AccountName16',NULL,NULL),(17,9,'AccountName17',NULL,NULL),(18,9,'AccountName18',NULL,NULL),(19,10,'AccountName19',NULL,NULL),(20,10,'AccountName20',NULL,NULL),(21,11,'AccountName21',NULL,NULL),(22,11,'AccountName22',NULL,NULL),(23,12,'AccountName23',NULL,NULL),(24,12,'AccountName24',NULL,NULL),(25,13,'AccountName25',NULL,NULL),(26,13,'AccountName26',NULL,NULL),(27,14,'AccountName27',NULL,NULL),(28,14,'AccountName28',NULL,NULL),(29,15,'AccountName29',NULL,NULL),(30,15,'AccountName30',NULL,NULL),(31,16,'AccountName31',NULL,NULL),(32,16,'AccountName32',NULL,NULL),(33,17,'AccountName33',NULL,NULL),(34,17,'AccountName34',NULL,NULL),(35,18,'AccountName35',NULL,NULL),(36,18,'AccountName36',NULL,NULL),(37,19,'AccountName37',NULL,NULL),(38,19,'AccountName38',NULL,NULL),(39,20,'AccountName39',NULL,NULL),(40,20,'AccountName40',NULL,NULL),(41,21,'AccountName41',NULL,NULL),(42,21,'AccountName42',NULL,NULL),(43,22,'AccountName43',NULL,NULL),(44,22,'AccountName44',NULL,NULL),(45,23,'AccountName45',NULL,NULL),(46,23,'AccountName46',NULL,NULL),(47,24,'AccountName47',NULL,NULL),(48,24,'AccountName48',NULL,NULL),(49,25,'AccountName49',NULL,NULL),(50,25,'AccountName50',NULL,NULL),(51,26,'AccountName51',NULL,NULL),(52,26,'AccountName52',NULL,NULL),(53,27,'AccountName53',NULL,NULL),(54,27,'AccountName54',NULL,NULL),(55,28,'AccountName55',NULL,NULL),(56,28,'AccountName56',NULL,NULL),(57,29,'AccountName57',NULL,NULL),(58,29,'AccountName58',NULL,NULL),(59,30,'AccountName59',NULL,NULL),(60,30,'AccountName60',NULL,NULL),(61,31,'AccountName61',NULL,NULL),(62,31,'AccountName62',NULL,NULL),(63,32,'AccountName63',NULL,NULL),(64,32,'AccountName64',NULL,NULL),(65,33,'AccountName65',NULL,NULL),(66,33,'AccountName66',NULL,NULL),(67,34,'AccountName67',NULL,NULL),(68,34,'AccountName68',NULL,NULL),(69,35,'AccountName69',NULL,NULL),(70,35,'AccountName70',NULL,NULL),(71,36,'AccountName71',NULL,NULL),(72,36,'AccountName72',NULL,NULL),(73,37,'AccountName73',NULL,NULL),(74,37,'AccountName74',NULL,NULL),(75,38,'AccountName75',NULL,NULL),(76,38,'AccountName76',NULL,NULL),(77,39,'AccountName77',NULL,NULL),(78,39,'AccountName78',NULL,NULL),(79,40,'AccountName79',NULL,NULL),(80,40,'AccountName80',NULL,NULL),(81,41,'AccountName81',NULL,NULL),(82,41,'AccountName82',NULL,NULL),(83,42,'AccountName83',NULL,NULL),(84,42,'AccountName84',NULL,NULL),(85,43,'AccountName85',NULL,NULL),(86,43,'AccountName86',NULL,NULL),(87,44,'AccountName87',NULL,NULL),(88,44,'AccountName88',NULL,NULL),(89,45,'AccountName89',NULL,NULL),(90,45,'AccountName90',NULL,NULL),(91,46,'AccountName91',NULL,NULL),(92,46,'AccountName92',NULL,NULL),(93,47,'AccountName93',NULL,NULL),(94,47,'AccountName94',NULL,NULL),(95,48,'AccountName95',NULL,NULL),(96,48,'AccountName96',NULL,NULL),(97,49,'AccountName97',NULL,NULL),(98,49,'AccountName98',NULL,NULL),(99,50,'AccountName99',NULL,NULL),(100,50,'AccountName100',NULL,NULL),(101,51,'AccountName101',NULL,NULL),(102,51,'AccountName102',NULL,NULL),(103,52,'AccountName103',NULL,NULL),(104,52,'AccountName104',NULL,NULL),(105,53,'AccountName105',NULL,NULL),(106,53,'AccountName106',NULL,NULL),(107,54,'AccountName107',NULL,NULL),(108,54,'AccountName108',NULL,NULL),(109,55,'AccountName109',NULL,NULL),(110,55,'AccountName110',NULL,NULL),(111,56,'AccountName111',NULL,NULL),(112,56,'AccountName112',NULL,NULL),(113,57,'AccountName113',NULL,NULL),(114,57,'AccountName114',NULL,NULL),(115,58,'AccountName115',NULL,NULL),(116,58,'AccountName116',NULL,NULL),(117,59,'AccountName117',NULL,NULL),(118,59,'AccountName118',NULL,NULL),(119,60,'AccountName119',NULL,NULL),(120,60,'AccountName120',NULL,NULL),(121,61,'AccountName121',NULL,NULL),(122,61,'AccountName122',NULL,NULL),(123,62,'AccountName123',NULL,NULL),(124,62,'AccountName124',NULL,NULL),(125,63,'AccountName125',NULL,NULL),(126,63,'AccountName126',NULL,NULL),(127,64,'AccountName127',NULL,NULL),(128,64,'AccountName128',NULL,NULL),(129,65,'AccountName129',NULL,NULL),(130,65,'AccountName130',NULL,NULL),(131,66,'AccountName131',NULL,NULL),(132,66,'AccountName132',NULL,NULL),(133,67,'AccountName133',NULL,NULL),(134,67,'AccountName134',NULL,NULL),(135,68,'AccountName135',NULL,NULL),(136,68,'AccountName136',NULL,NULL),(137,69,'AccountName137',NULL,NULL),(138,69,'AccountName138',NULL,NULL),(139,70,'AccountName139',NULL,NULL),(140,70,'AccountName140',NULL,NULL),(141,71,'AccountName141',NULL,NULL),(142,71,'AccountName142',NULL,NULL),(143,72,'AccountName143',NULL,NULL),(144,72,'AccountName144',NULL,NULL),(145,73,'AccountName145',NULL,NULL),(146,73,'AccountName146',NULL,NULL),(147,74,'AccountName147',NULL,NULL),(148,74,'AccountName148',NULL,NULL),(149,75,'AccountName149',NULL,NULL),(150,75,'AccountName150',NULL,NULL),(151,76,'AccountName151',NULL,NULL),(152,76,'AccountName152',NULL,NULL),(153,77,'AccountName153',NULL,NULL),(154,77,'AccountName154',NULL,NULL),(155,78,'AccountName155',NULL,NULL),(156,78,'AccountName156',NULL,NULL),(157,79,'AccountName157',NULL,NULL),(158,79,'AccountName158',NULL,NULL),(159,80,'AccountName159',NULL,NULL),(160,80,'AccountName160',NULL,NULL),(161,81,'AccountName161',NULL,NULL),(162,81,'AccountName162',NULL,NULL),(163,82,'AccountName163',NULL,NULL),(164,82,'AccountName164',NULL,NULL),(165,83,'AccountName165',NULL,NULL),(166,83,'AccountName166',NULL,NULL),(167,84,'AccountName167',NULL,NULL),(168,84,'AccountName168',NULL,NULL),(169,85,'AccountName169',NULL,NULL),(170,85,'AccountName170',NULL,NULL),(171,86,'AccountName171',NULL,NULL),(172,86,'AccountName172',NULL,NULL),(173,87,'AccountName173',NULL,NULL),(174,87,'AccountName174',NULL,NULL),(175,88,'AccountName175',NULL,NULL),(176,88,'AccountName176',NULL,NULL),(177,89,'AccountName177',NULL,NULL),(178,89,'AccountName178',NULL,NULL),(179,90,'AccountName179',NULL,NULL),(180,90,'AccountName180',NULL,NULL),(181,91,'AccountName181',NULL,NULL),(182,91,'AccountName182',NULL,NULL),(183,92,'AccountName183',NULL,NULL),(184,92,'AccountName184',NULL,NULL),(185,93,'AccountName185',NULL,NULL),(186,93,'AccountName186',NULL,NULL),(187,94,'AccountName187',NULL,NULL),(188,94,'AccountName188',NULL,NULL),(189,95,'AccountName189',NULL,NULL),(190,95,'AccountName190',NULL,NULL),(191,96,'AccountName191',NULL,NULL),(192,96,'AccountName192',NULL,NULL),(193,97,'AccountName193',NULL,NULL),(194,97,'AccountName194',NULL,NULL),(195,98,'AccountName195',NULL,NULL),(196,98,'AccountName196',NULL,NULL),(197,99,'AccountName197',NULL,NULL),(198,99,'AccountName198',NULL,NULL),(199,100,'AccountName199',NULL,NULL),(200,100,'AccountName200',NULL,NULL),(201,101,'AccountName201',NULL,NULL),(202,101,'AccountName202',NULL,NULL),(203,102,'AccountName203',NULL,NULL),(204,102,'AccountName204',NULL,NULL),(205,103,'AccountName205',NULL,NULL),(206,103,'AccountName206',NULL,NULL),(207,104,'AccountName207',NULL,NULL),(208,104,'AccountName208',NULL,NULL),(209,105,'AccountName209',NULL,NULL),(210,105,'AccountName210',NULL,NULL),(211,106,'AccountName211',NULL,NULL),(212,106,'AccountName212',NULL,NULL),(213,107,'AccountName213',NULL,NULL),(214,107,'AccountName214',NULL,NULL),(215,108,'AccountName215',NULL,NULL),(216,108,'AccountName216',NULL,NULL),(217,109,'AccountName217',NULL,NULL),(218,109,'AccountName218',NULL,NULL),(219,110,'AccountName219',NULL,NULL),(220,110,'AccountName220',NULL,NULL),(221,111,'AccountName221',NULL,NULL),(222,111,'AccountName222',NULL,NULL),(223,112,'AccountName223',NULL,NULL),(224,112,'AccountName224',NULL,NULL),(225,113,'AccountName225',NULL,NULL),(226,113,'AccountName226',NULL,NULL),(227,114,'AccountName227',NULL,NULL),(228,114,'AccountName228',NULL,NULL),(229,115,'AccountName229',NULL,NULL),(230,115,'AccountName230',NULL,NULL),(231,116,'AccountName231',NULL,NULL),(232,116,'AccountName232',NULL,NULL),(233,117,'AccountName233',NULL,NULL),(234,117,'AccountName234',NULL,NULL),(235,118,'AccountName235',NULL,NULL),(236,118,'AccountName236',NULL,NULL),(237,119,'AccountName237',NULL,NULL),(238,119,'AccountName238',NULL,NULL),(239,120,'AccountName239',NULL,NULL),(240,120,'AccountName240',NULL,NULL),(241,121,'AccountName241',NULL,NULL),(242,121,'AccountName242',NULL,NULL),(243,122,'AccountName243',NULL,NULL),(244,122,'AccountName244',NULL,NULL),(245,123,'AccountName245',NULL,NULL),(246,123,'AccountName246',NULL,NULL),(247,124,'AccountName247',NULL,NULL),(248,124,'AccountName248',NULL,NULL),(249,125,'AccountName249',NULL,NULL),(250,125,'AccountName250',NULL,NULL),(251,126,'AccountName251',NULL,NULL),(252,126,'AccountName252',NULL,NULL),(253,127,'AccountName253',NULL,NULL),(254,127,'AccountName254',NULL,NULL),(255,128,'AccountName255',NULL,NULL),(256,128,'AccountName256',NULL,NULL),(257,129,'AccountName257',NULL,NULL),(258,129,'AccountName258',NULL,NULL),(259,130,'AccountName259',NULL,NULL),(260,130,'AccountName260',NULL,NULL),(261,131,'AccountName261',NULL,NULL),(262,131,'AccountName262',NULL,NULL),(263,132,'AccountName263',NULL,NULL),(264,132,'AccountName264',NULL,NULL),(265,133,'AccountName265',NULL,NULL),(266,133,'AccountName266',NULL,NULL),(267,134,'AccountName267',NULL,NULL),(268,134,'AccountName268',NULL,NULL),(269,135,'AccountName269',NULL,NULL),(270,135,'AccountName270',NULL,NULL),(271,136,'AccountName271',NULL,NULL),(272,136,'AccountName272',NULL,NULL),(273,137,'AccountName273',NULL,NULL),(274,137,'AccountName274',NULL,NULL),(275,138,'AccountName275',NULL,NULL),(276,138,'AccountName276',NULL,NULL),(277,139,'AccountName277',NULL,NULL),(278,139,'AccountName278',NULL,NULL),(279,140,'AccountName279',NULL,NULL),(280,140,'AccountName280',NULL,NULL),(281,141,'AccountName281',NULL,NULL),(282,141,'AccountName282',NULL,NULL),(283,142,'AccountName283',NULL,NULL),(284,142,'AccountName284',NULL,NULL),(285,143,'AccountName285',NULL,NULL),(286,143,'AccountName286',NULL,NULL),(287,144,'AccountName287',NULL,NULL),(288,144,'AccountName288',NULL,NULL),(289,145,'AccountName289',NULL,NULL),(290,145,'AccountName290',NULL,NULL),(291,146,'AccountName291',NULL,NULL),(292,146,'AccountName292',NULL,NULL),(293,147,'AccountName293',NULL,NULL),(294,147,'AccountName294',NULL,NULL),(295,148,'AccountName295',NULL,NULL),(296,148,'AccountName296',NULL,NULL),(297,149,'AccountName297',NULL,NULL),(298,149,'AccountName298',NULL,NULL),(299,150,'AccountName299',NULL,NULL),(300,150,'AccountName300',NULL,NULL);
/*!40000 ALTER TABLE `account` ENABLE KEYS */;
UNLOCK TABLES;

--
-- Table structure for table `client`
--

DROP TABLE IF EXISTS `client`;
/*!40101 SET @saved_cs_client     = @@character_set_client */;
/*!50503 SET character_set_client = utf8mb4 */;
CREATE TABLE `client` (
  `id` int NOT NULL AUTO_INCREMENT,
  `name` varchar(45) NOT NULL,
  `clientTypeId` int NOT NULL,
  PRIMARY KEY (`id`),
  UNIQUE KEY `id_UNIQUE` (`id`),
  KEY `clientTypeId_idx` (`clientTypeId`),
  CONSTRAINT `clientTypeId` FOREIGN KEY (`clientTypeId`) REFERENCES `clienttype` (`id`)
) ENGINE=InnoDB AUTO_INCREMENT=4 DEFAULT CHARSET=utf8mb3;
/*!40101 SET character_set_client = @saved_cs_client */;

--
-- Dumping data for table `client`
--

LOCK TABLES `client` WRITE;
/*!40000 ALTER TABLE `client` DISABLE KEYS */;
INSERT INTO `client` VALUES (1,'ClientName1',1),(2,'ClientName2',2),(3,'ClientName3',3);
/*!40000 ALTER TABLE `client` ENABLE KEYS */;
UNLOCK TABLES;

--
-- Table structure for table `clienttype`
--

DROP TABLE IF EXISTS `clienttype`;
/*!40101 SET @saved_cs_client     = @@character_set_client */;
/*!50503 SET character_set_client = utf8mb4 */;
CREATE TABLE `clienttype` (
  `id` int NOT NULL AUTO_INCREMENT,
  `name` varchar(45) NOT NULL,
  PRIMARY KEY (`id`),
  UNIQUE KEY `id_UNIQUE` (`id`) /*!80000 INVISIBLE */
) ENGINE=InnoDB AUTO_INCREMENT=4 DEFAULT CHARSET=utf8mb3;
/*!40101 SET character_set_client = @saved_cs_client */;

--
-- Dumping data for table `clienttype`
--

LOCK TABLES `clienttype` WRITE;
/*!40000 ALTER TABLE `clienttype` DISABLE KEYS */;
INSERT INTO `clienttype` VALUES (1,'admin'),(2,'support'),(3,'client');
/*!40000 ALTER TABLE `clienttype` ENABLE KEYS */;
UNLOCK TABLES;

--
-- Table structure for table `individual`
--

DROP TABLE IF EXISTS `individual`;
/*!40101 SET @saved_cs_client     = @@character_set_client */;
/*!50503 SET character_set_client = utf8mb4 */;
CREATE TABLE `individual` (
  `id` int NOT NULL AUTO_INCREMENT,
  `clientId` int NOT NULL,
  `name` varchar(45) NOT NULL,
  PRIMARY KEY (`id`),
  UNIQUE KEY `id_UNIQUE` (`id`),
  KEY `clientId_idx` (`clientId`),
  CONSTRAINT `clientId` FOREIGN KEY (`clientId`) REFERENCES `client` (`id`)
) ENGINE=InnoDB AUTO_INCREMENT=372 DEFAULT CHARSET=utf8mb3;
/*!40101 SET character_set_client = @saved_cs_client */;

--
-- Dumping data for table `individual`
--

LOCK TABLES `individual` WRITE;
/*!40000 ALTER TABLE `individual` DISABLE KEYS */;
INSERT INTO `individual` VALUES (1,1,'IndividualName1'),(2,1,'IndividualName2'),(3,1,'IndividualName3'),(4,1,'IndividualName4'),(5,1,'IndividualName5'),(6,1,'IndividualName6'),(7,1,'IndividualName7'),(8,1,'IndividualName8'),(9,1,'IndividualName9'),(10,1,'IndividualName10'),(11,1,'IndividualName11'),(12,1,'IndividualName12'),(13,1,'IndividualName13'),(14,1,'IndividualName14'),(15,1,'IndividualName15'),(16,1,'IndividualName16'),(17,1,'IndividualName17'),(18,1,'IndividualName18'),(19,1,'IndividualName19'),(20,1,'IndividualName20'),(21,1,'IndividualName21'),(22,1,'IndividualName22'),(23,1,'IndividualName23'),(24,1,'IndividualName24'),(25,1,'IndividualName25'),(26,1,'IndividualName26'),(27,1,'IndividualName27'),(28,1,'IndividualName28'),(29,1,'IndividualName29'),(30,1,'IndividualName30'),(31,1,'IndividualName31'),(32,1,'IndividualName32'),(33,1,'IndividualName33'),(34,1,'IndividualName34'),(35,1,'IndividualName35'),(36,1,'IndividualName36'),(37,1,'IndividualName37'),(38,1,'IndividualName38'),(39,1,'IndividualName39'),(40,1,'IndividualName40'),(41,1,'IndividualName41'),(42,1,'IndividualName42'),(43,1,'IndividualName43'),(44,1,'IndividualName44'),(45,1,'IndividualName45'),(46,1,'IndividualName46'),(47,1,'IndividualName47'),(48,1,'IndividualName48'),(49,1,'IndividualName49'),(50,1,'IndividualName50'),(51,3,'IndividualName1'),(52,3,'IndividualName2'),(53,3,'IndividualName3'),(54,3,'IndividualName4'),(55,3,'IndividualName5'),(56,3,'IndividualName6'),(57,3,'IndividualName7'),(58,3,'IndividualName8'),(59,3,'IndividualName9'),(60,3,'IndividualName10'),(61,3,'IndividualName11'),(62,3,'IndividualName12'),(63,3,'IndividualName13'),(64,3,'IndividualName14'),(65,3,'IndividualName15'),(66,3,'IndividualName16'),(67,3,'IndividualName17'),(68,3,'IndividualName18'),(69,3,'IndividualName19'),(70,3,'IndividualName20'),(71,3,'IndividualName21'),(72,3,'IndividualName22'),(73,3,'IndividualName23'),(74,3,'IndividualName24'),(75,3,'IndividualName25'),(76,3,'IndividualName26'),(77,3,'IndividualName27'),(78,3,'IndividualName28'),(79,3,'IndividualName29'),(80,3,'IndividualName30'),(81,3,'IndividualName31'),(82,3,'IndividualName32'),(83,3,'IndividualName33'),(84,3,'IndividualName34'),(85,3,'IndividualName35'),(86,3,'IndividualName36'),(87,3,'IndividualName37'),(88,3,'IndividualName38'),(89,3,'IndividualName39'),(90,3,'IndividualName40'),(91,3,'IndividualName41'),(92,3,'IndividualName42'),(93,3,'IndividualName43'),(94,3,'IndividualName44'),(95,3,'IndividualName45'),(96,3,'IndividualName46'),(97,3,'IndividualName47'),(98,3,'IndividualName48'),(99,3,'IndividualName49'),(100,3,'IndividualName50'),(101,2,'IndividualName1'),(102,2,'IndividualName2'),(103,2,'IndividualName3'),(104,2,'IndividualName4'),(105,2,'IndividualName5'),(106,2,'IndividualName6'),(107,2,'IndividualName7'),(108,2,'IndividualName8'),(109,2,'IndividualName9'),(110,2,'IndividualName10'),(111,2,'IndividualName11'),(112,2,'IndividualName12'),(113,2,'IndividualName13'),(114,2,'IndividualName14'),(115,2,'IndividualName15'),(116,2,'IndividualName16'),(117,2,'IndividualName17'),(118,2,'IndividualName18'),(119,2,'IndividualName19'),(120,2,'IndividualName20'),(121,2,'IndividualName21'),(122,2,'IndividualName22'),(123,2,'IndividualName23'),(124,2,'IndividualName24'),(125,2,'IndividualName25'),(126,2,'IndividualName26'),(127,2,'IndividualName27'),(128,2,'IndividualName28'),(129,2,'IndividualName29'),(130,2,'IndividualName30'),(131,2,'IndividualName31'),(132,2,'IndividualName32'),(133,2,'IndividualName33'),(134,2,'IndividualName34'),(135,2,'IndividualName35'),(136,2,'IndividualName36'),(137,2,'IndividualName37'),(138,2,'IndividualName38'),(139,2,'IndividualName39'),(140,2,'IndividualName40'),(141,2,'IndividualName41'),(142,2,'IndividualName42'),(143,2,'IndividualName43'),(144,2,'IndividualName44'),(145,2,'IndividualName45'),(146,2,'IndividualName46'),(147,2,'IndividualName47'),(148,2,'IndividualName48'),(149,2,'IndividualName49'),(150,2,'IndividualName50');
/*!40000 ALTER TABLE `individual` ENABLE KEYS */;
UNLOCK TABLES;
/*!40103 SET TIME_ZONE=@OLD_TIME_ZONE */;

/*!40101 SET SQL_MODE=@OLD_SQL_MODE */;
/*!40014 SET FOREIGN_KEY_CHECKS=@OLD_FOREIGN_KEY_CHECKS */;
/*!40014 SET UNIQUE_CHECKS=@OLD_UNIQUE_CHECKS */;
/*!40101 SET CHARACTER_SET_CLIENT=@OLD_CHARACTER_SET_CLIENT */;
/*!40101 SET CHARACTER_SET_RESULTS=@OLD_CHARACTER_SET_RESULTS */;
/*!40101 SET COLLATION_CONNECTION=@OLD_COLLATION_CONNECTION */;
/*!40111 SET SQL_NOTES=@OLD_SQL_NOTES */;

-- Dump completed on 2021-09-08 23:20:52
